_id,createdAt,firstName,lastName,email,birthday,gender,highestDegreeEarned,countryISO2,admissionsQuiz,inExperiment,group
661e0aec196f9b2f2be9b9fb,17/04/2024 04:06,Harvey,Todd,harvey.todd74@yahow.com,10/07/1995,male,Master's degree,LK,complete,TRUE,email (t)
661e0aec196f9b2f2be9ba07,18/04/2024 10:07,Joseph,Smith,joseph.smith46@yahow.com,24/01/1997,male,Bachelor's degree,MA,complete,TRUE,email (t)
661e0aec196f9b2f2be9ba08,18/04/2024 03:40,Juanita,Moore,juanita.moore66@yahow.com,04/09/2003,female,High School or Baccalaureate,NG,complete,TRUE,email (t)
661e0aec196f9b2f2be9ba0e,20/04/2024 04:16,David,Walsh,david.walsh21@microsift.com,20/02/1996,male,Master's degree,ET,complete,TRUE,email (t)
661e0aec196f9b2f2be9ba0f,26/04/2024 04:35,Lester,Nathaniel,lester.nathaniel32@gmall.com,21/10/2001,male,Bachelor's degree,NG,complete,TRUE,email (t)
661e0aec196f9b2f2be9ba10,17/04/2024 14:40,Mistie,Johnson,mistie.johnson86@microsift.com,03/07/1992,female,Bachelor's degree,KE,complete,TRUE,email (t)
661e0aec196f9b2f2be9ba12,18/04/2024 16:46,Paul,Dobbs,paul.dobbs76@microsift.com,21/09/2002,male,High School or Baccalaureate,NG,complete,TRUE,email (t)
661e0aec196f9b2f2be9ba19,24/04/2024 14:14,Dennis,Chambers,dennis.chambers7@yahow.com,06/05/2002,male,Bachelor's degree,IN,complete,TRUE,email (t)
661e0aec196f9b2f2be9ba26,18/04/2024 05:16,Clinton,Minardi,clinton.minardi91@gmall.com,05/11/1991,male,Master's degree,BD,complete,TRUE,email (t)
661e0aec196f9b2f2be9ba28,17/04/2024 03:28,Don,Norstrom,don.norstrom99@microsift.com,29/09/1993,male,Some College (1-3 years),BJ,complete,TRUE,email (t)
661e0aec196f9b2f2be9ba29,24/04/2024 13:53,Barbara,Polk,barbara.polk53@yahow.com,21/09/2001,female,Bachelor's degree,IN,complete,TRUE,email (t)
661e0aec196f9b2f2be9ba2c,19/04/2024 10:38,Philip,Andrews,philip.andrews93@gmall.com,24/10/1976,male,Bachelor's degree,TZ,complete,TRUE,email (t)
661e0aec196f9b2f2be9ba2d,25/04/2024 17:53,Jerome,Vance,jerome.vance21@gmall.com,14/05/1999,male,Bachelor's degree,LK,complete,TRUE,email (t)
661e0aec196f9b2f2be9ba31,23/04/2024 20:41,Dale,Islas,dale.islas14@gmall.com,13/07/2003,male,Some College (1-3 years),UG,complete,TRUE,email (t)
661e0aec196f9b2f2be9ba32,21/04/2024 22:08,Daniel,Lampley,daniel.lampley71@gmall.com,18/12/1986,male,Master's degree,EG,complete,TRUE,email (t)
661e0aec196f9b2f2be9ba34,24/04/2024 06:33,Warren,Miller,warren.miller39@gmall.com,26/11/2000,male,Bachelor's degree,US,incomplete,TRUE,email (t)
661e0aec196f9b2f2be9ba3c,20/04/2024 11:39,Keith,Lochen,keith.lochen98@yahow.com,26/12/1996,male,Master's degree,GT,incomplete,TRUE,email (t)
661e0aec196f9b2f2be9ba3e,23/04/2024 13:45,Eric,Diaz,eric.diaz40@yahow.com,26/01/1994,male,High School or Baccalaureate,IN,incomplete,TRUE,email (t)
661e0aec196f9b2f2be9ba41,24/04/2024 12:43,Gary,Wright,gary.wright4@microsift.com,16/12/1979,male,High School or Baccalaureate,NG,incomplete,TRUE,email (t)
661e0aec196f9b2f2be9ba45,19/04/2024 23:19,James,Penna,james.penna6@gmall.com,22/08/2002,male,Bachelor's degree,NG,incomplete,TRUE,email (t)
661e0aec196f9b2f2be9ba4d,23/04/2024 00:32,Edward,Woodson,edward.woodson74@microsift.com,27/03/1998,male,Bachelor's degree,NG,incomplete,TRUE,email (t)
661e0aec196f9b2f2be9ba4f,22/04/2024 20:11,Steven,Miller,steven.miller5@yahow.com,07/12/1988,male,Master's degree,NG,incomplete,TRUE,email (t)
661e0aec196f9b2f2be9ba56,19/04/2024 22:19,Carmela,Gartrell,carmela.gartrell20@hotmeal.com,25/11/2004,female,Bachelor's degree,LS,incomplete,TRUE,email (t)
661e0aec196f9b2f2be9ba5b,22/04/2024 08:47,Scott,Ledezma,scott.ledezma36@microsift.com,09/11/2000,male,High School or Baccalaureate,ET,incomplete,TRUE,email (t)
661e0aec196f9b2f2be9ba5c,21/04/2024 01:23,Tommy,Perry,tommy.perry20@yahow.com,21/12/2002,male,Master's degree,IN,incomplete,TRUE,email (t)
661e0aec196f9b2f2be9ba5d,21/04/2024 00:28,Maria,Engebretson,maria.engebretson28@yahow.com,27/10/2001,female,Master's degree,PK,incomplete,TRUE,email (t)
661e0aec196f9b2f2be9ba60,22/04/2024 02:36,Martin,Cobb,martin.cobb53@gmall.com,02/09/1998,male,Bachelor's degree,KE,incomplete,TRUE,email (t)
661e0aec196f9b2f2be9ba63,25/04/2024 04:44,Norma,Flood,norma.flood80@microsift.com,12/03/1986,female,Bachelor's degree,AF,incomplete,TRUE,email (t)
661e0aec196f9b2f2be9ba66,24/04/2024 23:51,Louise,Patillo,louise.patillo83@gmall.com,10/01/2000,female,High School or Baccalaureate,PK,incomplete,TRUE,email (t)
661e0aec196f9b2f2be9ba68,24/04/2024 09:51,Roger,Webb,roger.webb99@hotmeal.com,01/08/1999,male,Bachelor's degree,NG,incomplete,TRUE,email (t)
661e0aec196f9b2f2be9ba6b,23/04/2024 20:34,Dudley,Castillo,dudley.castillo5@hotmeal.com,27/01/2003,male,High School or Baccalaureate,KE,incomplete,TRUE,email (t)
661e0aec196f9b2f2be9ba72,25/04/2024 16:14,Wayne,Dandy,wayne.dandy33@yahow.com,06/04/1990,male,Bachelor's degree,ET,incomplete,TRUE,email (t)
661e0aec196f9b2f2be9ba75,19/04/2024 16:48,Francisco,Green,francisco.green1@hotmeal.com,06/05/2001,male,Some College (1-3 years),NG,incomplete,TRUE,email (t)
661e0aec196f9b2f2be9ba7e,16/04/2024 08:10,Florence,Toney,florence.toney94@yahow.com,04/08/2004,female,Bachelor's degree,IN,incomplete,TRUE,email (t)
661e0aec196f9b2f2be9ba84,19/04/2024 00:21,Charles,Baker,charles.baker60@hotmeal.com,16/10/1995,male,Master's degree,PK,incomplete,TRUE,email (t)
661e0aec196f9b2f2be9ba8a,20/04/2024 12:04,Shalonda,House,shalonda.house38@hotmeal.com,27/12/1997,female,High School or Baccalaureate,PK,incomplete,TRUE,email (t)
661e0aec196f9b2f2be9ba8c,18/04/2024 00:13,Ruth,Whitehead,ruth.whitehead19@gmall.com,03/10/1991,female,Some College (1-3 years),CN,incomplete,TRUE,email (t)
661e0aec196f9b2f2be9ba8d,18/04/2024 02:41,Ronald,Davis,ronald.davis21@gmall.com,15/10/1999,male,Master's degree,KE,incomplete,TRUE,email (t)
661e0aec196f9b2f2be9ba8e,24/04/2024 18:42,Madeline,Ho,madeline.ho35@microsift.com,01/11/2003,female,Master's degree,UG,incomplete,TRUE,email (t)
661e0aec196f9b2f2be9ba99,18/04/2024 14:00,Freddie,Havlik,freddie.havlik72@microsift.com,16/03/2004,male,Master's degree,NG,incomplete,TRUE,email (t)
661e0aec196f9b2f2be9ba9e,17/04/2024 00:37,Mark,Gilliland,mark.gilliland24@gmall.com,07/06/1994,male,Bachelor's degree,PK,incomplete,TRUE,email (t)
661e0aec196f9b2f2be9ba9f,18/04/2024 21:17,Richard,Slaughter,richard.slaughter72@yahow.com,14/05/1970,male,Bachelor's degree,ET,incomplete,TRUE,email (t)
661e0aec196f9b2f2be9baa2,18/04/2024 11:29,Milan,Page,milan.page16@microsift.com,28/01/1976,male,High School or Baccalaureate,NG,incomplete,TRUE,email (t)
661e0aec196f9b2f2be9baa9,16/04/2024 11:13,David,Bryant,david.bryant21@gmall.com,10/09/1997,male,Bachelor's degree,KE,incomplete,TRUE,email (t)
661e0aec196f9b2f2be9bab1,23/04/2024 06:13,Raymond,Taylor,raymond.taylor33@yahow.com,17/11/1998,male,Bachelor's degree,ZM,incomplete,TRUE,email (t)
661e0aec196f9b2f2be9bab2,24/04/2024 14:03,Roy,Woods,roy.woods80@hotmeal.com,30/05/1995,male,Bachelor's degree,NG,incomplete,TRUE,email (t)
661e0aec196f9b2f2be9bab3,22/04/2024 22:39,Michele,Carr,michele.carr40@yahow.com,01/12/1996,female,Bachelor's degree,SL,incomplete,TRUE,email (t)
661e0aec196f9b2f2be9bab8,16/04/2024 12:48,Ronald,Durant,ronald.durant29@yahow.com,24/05/2001,male,Master's degree,PK,incomplete,TRUE,email (t)
661e0aec196f9b2f2be9baba,24/04/2024 18:03,Michael,Clements,michael.clements37@hotmeal.com,21/12/2001,male,High School or Baccalaureate,ZA,incomplete,TRUE,email (t)
661e0aec196f9b2f2be9babb,23/04/2024 11:34,Joshua,Cannata,joshua.cannata50@hotmeal.com,22/02/1993,male,High School or Baccalaureate,NG,incomplete,TRUE,email (t)
661e0aec196f9b2f2be9babc,20/04/2024 03:03,William,Ballance,william.ballance35@hotmeal.com,21/10/1984,male,Bachelor's degree,IN,incomplete,TRUE,email (t)
661e0aec196f9b2f2be9bac1,20/04/2024 02:26,William,Peters,william.peters81@yahow.com,02/01/1989,male,High School or Baccalaureate,ET,incomplete,TRUE,email (t)
661e0aec196f9b2f2be9bac7,16/04/2024 09:29,Alice,Anaya,alice.anaya14@hotmeal.com,06/03/1991,female,Bachelor's degree,NG,incomplete,TRUE,email (t)
661e0aec196f9b2f2be9bad9,25/04/2024 15:26,Travis,Scott,travis.scott55@gmall.com,08/01/1989,male,Bachelor's degree,IN,incomplete,TRUE,email (t)
661e0aec196f9b2f2be9badc,24/04/2024 06:22,Lisa,Batts,lisa.batts2@yahow.com,31/08/1970,female,Master's degree,BD,incomplete,TRUE,email (t)
661e0aec196f9b2f2be9bae0,17/04/2024 13:25,Samual,Napier,samual.napier50@yahow.com,12/06/1985,male,Bachelor's degree,NG,incomplete,TRUE,email (t)
661e0aec196f9b2f2be9bae4,23/04/2024 02:22,Tyler,Aviles,tyler.aviles22@microsift.com,19/10/1995,male,Some College (1-3 years),PK,incomplete,TRUE,email (t)
661e0aec196f9b2f2be9bae5,24/04/2024 10:44,Betty,Lipner,betty.lipner80@yahow.com,15/07/1996,female,Master's degree,NG,incomplete,TRUE,email (t)
661e0aec196f9b2f2be9bae6,21/04/2024 12:30,Patricia,Roosa,patricia.roosa96@microsift.com,29/10/1998,female,Some College (1-3 years),IN,incomplete,TRUE,email (t)
661e0aec196f9b2f2be9bae8,19/04/2024 16:42,Thomas,Laurent,thomas.laurent9@gmall.com,10/08/1989,male,Bachelor's degree,NG,incomplete,TRUE,email (t)
661e0aec196f9b2f2be9baec,21/04/2024 22:48,Mike,Hayes,mike.hayes59@yahow.com,24/07/1978,male,Master's degree,UG,incomplete,TRUE,email (t)
661e0aec196f9b2f2be9baf8,26/04/2024 03:40,Carl,Frazier,carl.frazier70@gmall.com,30/06/1999,male,Master's degree,TZ,incomplete,TRUE,email (t)
661e0aec196f9b2f2be9bb06,17/04/2024 09:34,David,Faye,david.faye96@yahow.com,17/12/1997,male,Some College (1-3 years),NG,incomplete,TRUE,email (t)
661e0aec196f9b2f2be9bb09,19/04/2024 04:11,Sarah,Ballard,sarah.ballard25@gmall.com,03/12/1990,female,Bachelor's degree,NG,incomplete,TRUE,email (t)
661e0aec196f9b2f2be9bb0d,18/04/2024 12:56,Juan,Hanes,juan.hanes74@hotmeal.com,19/10/1997,male,Bachelor's degree,ET,incomplete,TRUE,email (t)
661e0aec196f9b2f2be9bb0e,23/04/2024 20:56,Mary,Lewis,mary.lewis24@hotmeal.com,22/06/1999,female,High School or Baccalaureate,UG,incomplete,TRUE,email (t)
661e0aec196f9b2f2be9bb11,24/04/2024 05:35,Fred,Hernandez,fred.hernandez9@microsift.com,13/10/1995,male,High School or Baccalaureate,UG,incomplete,TRUE,email (t)
661e0aec196f9b2f2be9bb12,24/04/2024 23:07,Blanche,Milano,blanche.milano89@microsift.com,21/09/2002,female,Some College (1-3 years),ZM,incomplete,TRUE,email (t)
661e0aec196f9b2f2be9bb14,21/04/2024 04:20,Forrest,Graves,forrest.graves12@microsift.com,08/05/1980,male,Bachelor's degree,ET,incomplete,TRUE,email (t)
661e0aec196f9b2f2be9bb18,25/04/2024 17:26,John,Hobson,john.hobson25@yahow.com,05/07/1996,male,Bachelor's degree,IN,incomplete,TRUE,email (t)
661e0aec196f9b2f2be9bb1c,20/04/2024 06:04,Gloria,Vidal,gloria.vidal54@microsift.com,03/06/1981,female,Master's degree,IN,incomplete,TRUE,email (t)
661e0aec196f9b2f2be9bb1d,22/04/2024 17:37,Ray,Endicott,ray.endicott59@gmall.com,18/06/1994,male,High School or Baccalaureate,US,incomplete,TRUE,email (t)
661e0aec196f9b2f2be9bb1e,18/04/2024 04:34,Charles,Sander,charles.sander16@hotmeal.com,20/12/1993,male,Bachelor's degree,NG,incomplete,TRUE,email (t)
661e0aec196f9b2f2be9bb25,24/04/2024 07:18,Frank,Miley,frank.miley28@hotmeal.com,09/04/1986,male,Bachelor's degree,SO,incomplete,TRUE,email (t)
661e0aec196f9b2f2be9bb27,18/04/2024 09:51,Troy,Keeton,troy.keeton11@gmall.com,28/05/1961,male,Bachelor's degree,ET,incomplete,TRUE,email (t)
661e0aec196f9b2f2be9bb29,20/04/2024 01:21,Jimmie,Alexander,jimmie.alexander35@hotmeal.com,26/09/1998,male,Master's degree,PK,incomplete,TRUE,email (t)
661e0aec196f9b2f2be9bb31,20/04/2024 12:28,Michael,Carr,michael.carr15@hotmeal.com,25/01/1991,male,High School or Baccalaureate,IN,incomplete,TRUE,email (t)
661e0aec196f9b2f2be9bb33,24/04/2024 10:52,Stephen,Truesdell,stephen.truesdell47@microsift.com,27/06/1997,male,Bachelor's degree,PK,incomplete,TRUE,email (t)
661e0aec196f9b2f2be9bb35,23/04/2024 00:20,Adam,Rivera,adam.rivera95@microsift.com,18/11/1989,male,Bachelor's degree,NA,incomplete,TRUE,email (t)
661e0aec196f9b2f2be9bb36,22/04/2024 03:39,Luz,Watson,luz.watson13@gmall.com,11/06/2000,female,Bachelor's degree,CL,incomplete,TRUE,email (t)
661e0aec196f9b2f2be9bb37,17/04/2024 20:11,Rick,Underwood,rick.underwood80@yahow.com,28/12/1998,male,Bachelor's degree,KE,incomplete,TRUE,email (t)
661e0aec196f9b2f2be9bb3b,23/04/2024 15:43,Carla,Pratt,carla.pratt89@gmall.com,16/11/1980,female,Bachelor's degree,SL,incomplete,TRUE,email (t)
661e0aec196f9b2f2be9bb44,18/04/2024 13:58,Dustin,Jantz,dustin.jantz3@hotmeal.com,08/05/1989,male,Bachelor's degree,NG,incomplete,TRUE,email (t)
661e0aec196f9b2f2be9bb4a,20/04/2024 08:34,Heather,Kleiman,heather.kleiman26@yahow.com,03/03/1977,female,High School or Baccalaureate,LR,incomplete,TRUE,email (t)
661e0aec196f9b2f2be9bb4b,18/04/2024 06:48,Lonnie,Bullock,lonnie.bullock91@microsift.com,27/02/2001,male,Bachelor's degree,BD,incomplete,TRUE,email (t)
661e0aec196f9b2f2be9bb51,21/04/2024 10:48,Thomas,Kime,thomas.kime64@gmall.com,07/08/1998,male,Master's degree,KE,incomplete,TRUE,email (t)
661e0aec196f9b2f2be9bb5a,19/04/2024 08:59,Richard,Hagen,richard.hagen16@microsift.com,07/11/1998,male,High School or Baccalaureate,NG,incomplete,TRUE,email (t)
661e0aec196f9b2f2be9bb60,18/04/2024 01:46,Clara,Hinton,clara.hinton35@gmall.com,13/10/2000,female,Bachelor's degree,NG,incomplete,TRUE,email (t)
661e0aec196f9b2f2be9bb69,23/04/2024 16:31,Ted,Mccord,ted.mccord5@hotmeal.com,02/08/1997,male,Bachelor's degree,NG,incomplete,TRUE,email (t)
661e0aec196f9b2f2be9bb78,20/04/2024 21:52,Herbert,Benedetti,herbert.benedetti28@yahow.com,13/06/1996,male,High School or Baccalaureate,VN,incomplete,TRUE,email (t)
661e0aec196f9b2f2be9bb7a,22/04/2024 15:44,Alicia,Warner,alicia.warner87@hotmeal.com,18/12/1981,female,Some College (1-3 years),ET,incomplete,TRUE,email (t)
661e0aec196f9b2f2be9bb7c,18/04/2024 17:12,Larry,Wilson,larry.wilson60@microsift.com,22/12/2001,male,Bachelor's degree,NG,incomplete,TRUE,email (t)
661e0aec196f9b2f2be9bb7e,18/04/2024 06:32,Richard,Wimer,richard.wimer67@hotmeal.com,05/01/2004,male,Bachelor's degree,NG,incomplete,TRUE,email (t)
661e0aec196f9b2f2be9bb82,19/04/2024 15:28,Robert,Jenkins,robert.jenkins99@gmall.com,29/03/2004,male,Some College (1-3 years),ZM,incomplete,TRUE,email (t)
661e0aec196f9b2f2be9bb85,24/04/2024 02:46,Earline,Evans,earline.evans52@hotmeal.com,30/03/1985,female,Doctorate (e.g. PhD),AF,incomplete,TRUE,email (t)
661e0aec196f9b2f2be9bb87,20/04/2024 15:12,Jared,Smith,jared.smith56@microsift.com,13/04/1998,male,Bachelor's degree,NG,incomplete,TRUE,email (t)
661e0aec196f9b2f2be9bb91,20/04/2024 08:53,Lawrence,Hubbard,lawrence.hubbard37@gmall.com,03/04/2005,male,Bachelor's degree,NG,incomplete,TRUE,email (t)
661e0aec196f9b2f2be9bb99,23/04/2024 15:45,Ben,Mason,ben.mason46@hotmeal.com,07/03/1994,male,Bachelor's degree,LK,incomplete,TRUE,email (t)
661e0aec196f9b2f2be9bb9b,26/04/2024 03:00,Sylvia,Maurice,sylvia.maurice78@yahow.com,04/09/2002,female,High School or Baccalaureate,NG,incomplete,TRUE,email (t)
661e0aec196f9b2f2be9bb9d,16/04/2024 15:35,Hector,Johnson,hector.johnson19@gmall.com,14/12/1999,male,Bachelor's degree,PH,incomplete,TRUE,email (t)
661e0aec196f9b2f2be9bba0,17/04/2024 13:25,Thomas,Rooney,thomas.rooney27@microsift.com,22/11/1978,male,High School or Baccalaureate,IN,incomplete,TRUE,email (t)
661e0aec196f9b2f2be9bba2,20/04/2024 11:12,Kent,Spears,kent.spears63@hotmeal.com,01/12/1983,male,Bachelor's degree,GH,incomplete,TRUE,email (t)
661e0aec196f9b2f2be9bba4,25/04/2024 23:40,Paul,Christensen,paul.christensen66@microsift.com,06/09/2001,male,Some College (1-3 years),NG,incomplete,TRUE,email (t)
661e0aec196f9b2f2be9bba5,21/04/2024 19:56,Jon,Witt,jon.witt1@microsift.com,02/02/1981,male,Bachelor's degree,NG,incomplete,TRUE,email (t)
661e0aec196f9b2f2be9bba7,18/04/2024 05:38,James,Patel,james.patel56@yahow.com,24/05/1999,male,Master's degree,CM,incomplete,TRUE,email (t)
661e0aec196f9b2f2be9bbae,18/04/2024 17:44,Ian,Flannagan,ian.flannagan39@microsift.com,27/08/1996,male,Master's degree,NG,incomplete,TRUE,email (t)
661e0aec196f9b2f2be9bbb5,21/04/2024 03:07,Mario,Meyer,mario.meyer61@gmall.com,10/10/1999,male,Bachelor's degree,NG,incomplete,TRUE,email (t)
661e0aec196f9b2f2be9bbb6,20/04/2024 19:49,Samuel,Hatley,samuel.hatley17@gmall.com,27/08/2001,male,High School or Baccalaureate,RW,incomplete,TRUE,email (t)
661e0aec196f9b2f2be9bbb8,25/04/2024 18:04,Sierra,Springer,sierra.springer95@gmall.com,12/05/1982,female,High School or Baccalaureate,UG,incomplete,TRUE,email (t)
661e0aec196f9b2f2be9bbbe,16/04/2024 12:46,Peter,Wilkins,peter.wilkins93@microsift.com,14/03/2006,male,High School or Baccalaureate,ZA,incomplete,TRUE,email (t)
661e0aec196f9b2f2be9bbc5,20/04/2024 09:33,Robert,Sharp,robert.sharp96@gmall.com,08/01/2002,male,High School or Baccalaureate,US,incomplete,TRUE,email (t)
661e0aec196f9b2f2be9bbc8,18/04/2024 07:28,Ruth,Mcconnell,ruth.mcconnell74@hotmeal.com,26/03/2004,female,Some College (1-3 years),PK,incomplete,TRUE,email (t)
661e0aec196f9b2f2be9bbc9,24/04/2024 09:12,Randall,Miller,randall.miller41@hotmeal.com,22/08/2002,male,Bachelor's degree,UG,incomplete,TRUE,email (t)
661e0aec196f9b2f2be9bbca,22/04/2024 02:12,Darrell,Barfield,darrell.barfield54@gmall.com,06/01/1987,male,Bachelor's degree,SL,incomplete,TRUE,email (t)
661e0aec196f9b2f2be9bbd3,20/04/2024 10:24,Vesta,Burden,vesta.burden93@yahow.com,24/03/2003,female,Some College (1-3 years),CA,incomplete,TRUE,email (t)
661e0aec196f9b2f2be9bbd5,20/04/2024 05:04,David,Baker,david.baker2@microsift.com,06/09/1987,male,Bachelor's degree,KE,incomplete,TRUE,email (t)
661e0aec196f9b2f2be9bbd6,18/04/2024 13:50,Richard,Young,richard.young18@gmall.com,30/03/2005,male,High School or Baccalaureate,PK,incomplete,TRUE,email (t)
661e0aec196f9b2f2be9bbd7,25/04/2024 20:09,Carleen,Fogle,carleen.fogle3@hotmeal.com,18/06/2000,female,High School or Baccalaureate,NG,incomplete,TRUE,email (t)
661e0aec196f9b2f2be9bbd9,20/04/2024 02:36,Michael,Taylor,michael.taylor96@gmall.com,11/03/1999,male,Bachelor's degree,PK,incomplete,TRUE,email (t)
661e0aec196f9b2f2be9bbda,20/04/2024 19:55,Daniel,Monica,daniel.monica87@yahow.com,14/09/2001,male,Bachelor's degree,RW,incomplete,TRUE,email (t)
661e0aec196f9b2f2be9bbde,21/04/2024 23:01,Joan,Morris,joan.morris87@gmall.com,29/08/1996,female,Bachelor's degree,MW,incomplete,TRUE,email (t)
661e0aec196f9b2f2be9bbdf,25/04/2024 23:34,James,Stewart,james.stewart93@gmall.com,25/12/1984,male,Some College (1-3 years),NG,incomplete,TRUE,email (t)
661e0aec196f9b2f2be9bbe0,19/04/2024 12:02,John,Crabtree,john.crabtree78@gmall.com,17/02/1995,male,Bachelor's degree,NG,incomplete,TRUE,email (t)
661e0aec196f9b2f2be9bbe1,23/04/2024 14:43,Angela,Haskins,angela.haskins4@hotmeal.com,04/06/2003,female,High School or Baccalaureate,IN,incomplete,TRUE,email (t)
661e0aec196f9b2f2be9bbe2,17/04/2024 01:04,Christopher,Kiefer,christopher.kiefer27@gmall.com,10/10/1998,male,Bachelor's degree,IN,incomplete,TRUE,email (t)
661e0aec196f9b2f2be9bbe3,23/04/2024 22:55,Jessica,Kopacz,jessica.kopacz96@microsift.com,17/01/2003,female,Master's degree,MA,incomplete,TRUE,email (t)
661e0aec196f9b2f2be9bbe9,16/04/2024 16:53,Dave,Simmons,dave.simmons43@hotmeal.com,12/02/1998,male,Bachelor's degree,PK,incomplete,TRUE,email (t)
661e0aec196f9b2f2be9bbea,21/04/2024 17:13,Pamela,Hoover,pamela.hoover18@yahow.com,02/03/1989,female,Master's degree,LS,incomplete,TRUE,email (t)
661e0aec196f9b2f2be9bbf1,22/04/2024 05:51,Angelica,Fuger,angelica.fuger57@hotmeal.com,18/11/1998,female,Bachelor's degree,TZ,incomplete,TRUE,email (t)
661e0aec196f9b2f2be9bbf6,25/04/2024 01:07,Allen,Petersen,allen.petersen38@microsift.com,19/02/1995,male,Bachelor's degree,ZA,incomplete,TRUE,email (t)
661e0aec196f9b2f2be9bbfd,16/04/2024 05:34,Kristin,Faircloth,kristin.faircloth72@hotmeal.com,04/12/2002,female,High School or Baccalaureate,KE,incomplete,TRUE,email (t)
661e0aec196f9b2f2be9bc02,25/04/2024 09:29,Edward,Evans,edward.evans53@gmall.com,29/05/2000,male,High School or Baccalaureate,ZW,incomplete,TRUE,email (t)
661e0aec196f9b2f2be9bc06,20/04/2024 09:22,Manuel,Young,manuel.young61@gmall.com,30/07/2003,male,Bachelor's degree,KE,incomplete,TRUE,email (t)
661e0aec196f9b2f2be9bc0a,25/04/2024 16:51,George,Gean,george.gean57@gmall.com,27/08/1982,male,Some College (1-3 years),PK,incomplete,TRUE,email (t)
661e0aec196f9b2f2be9bc12,23/04/2024 11:16,Tammy,Monterio,tammy.monterio10@yahow.com,14/11/1990,female,Master's degree,IN,incomplete,TRUE,email (t)
661e0aec196f9b2f2be9bc13,24/04/2024 05:37,Tony,Sneed,tony.sneed13@gmall.com,17/06/1996,male,Bachelor's degree,ET,incomplete,TRUE,email (t)
661e0aec196f9b2f2be9bc14,23/04/2024 22:52,Bradley,Sims,bradley.sims20@yahow.com,03/08/2000,male,Master's degree,NG,incomplete,TRUE,email (t)
661e0aec196f9b2f2be9bc1d,21/04/2024 08:00,Steven,Gregg,steven.gregg96@gmall.com,23/02/1997,male,High School or Baccalaureate,NG,incomplete,TRUE,email (t)
661e0aec196f9b2f2be9bc1e,17/04/2024 05:09,Dennis,Hall,dennis.hall76@microsift.com,30/08/1994,male,Master's degree,NG,incomplete,TRUE,email (t)
661e0aec196f9b2f2be9bc26,23/04/2024 11:59,Mark,Buckingham,mark.buckingham78@hotmeal.com,23/01/2004,male,Bachelor's degree,NG,incomplete,TRUE,email (t)
661e0aec196f9b2f2be9bc28,17/04/2024 09:48,John,Slayton,john.slayton95@yahow.com,18/08/2001,male,Master's degree,IN,incomplete,TRUE,email (t)
661e0aec196f9b2f2be9bc2a,22/04/2024 11:32,Clara,Cortez,clara.cortez87@hotmeal.com,09/12/1992,female,Bachelor's degree,NG,incomplete,TRUE,email (t)
661e0aec196f9b2f2be9bc2c,18/04/2024 18:01,Vanessa,Traxler,vanessa.traxler96@hotmeal.com,09/01/1978,female,Bachelor's degree,IT,incomplete,TRUE,email (t)
661e0aec196f9b2f2be9bc2d,20/04/2024 08:23,William,Hoang,william.hoang25@microsift.com,08/04/2005,male,Master's degree,GH,incomplete,TRUE,email (t)
661e0aec196f9b2f2be9bc33,25/04/2024 01:17,Jackie,Lake,jackie.lake52@microsift.com,25/09/1998,female,Bachelor's degree,PH,incomplete,TRUE,email (t)
661e0aec196f9b2f2be9bc3b,22/04/2024 17:28,Richard,Lerner,richard.lerner29@hotmeal.com,30/12/2002,male,Bachelor's degree,KE,incomplete,TRUE,email (t)
661e0aec196f9b2f2be9bc3c,17/04/2024 19:34,Collin,Medlin,collin.medlin91@gmall.com,06/09/1991,male,Bachelor's degree,SL,incomplete,TRUE,email (t)
661e0aec196f9b2f2be9bc40,16/04/2024 21:24,Holly,Haber,holly.haber73@gmall.com,12/10/1992,female,High School or Baccalaureate,ET,incomplete,TRUE,email (t)
661e0aec196f9b2f2be9bc41,26/04/2024 04:23,Fritz,Ayala,fritz.ayala27@yahow.com,04/02/2005,male,Master's degree,HU,incomplete,TRUE,email (t)
661e0aec196f9b2f2be9bc45,25/04/2024 04:45,Sherry,Poore,sherry.poore74@microsift.com,07/03/1998,female,High School or Baccalaureate,PK,incomplete,TRUE,email (t)
661e0aec196f9b2f2be9bc4e,23/04/2024 05:35,Clarissa,Bell,clarissa.bell3@microsift.com,01/09/1979,female,High School or Baccalaureate,NG,incomplete,TRUE,email (t)
661e0aec196f9b2f2be9bc52,20/04/2024 16:45,Ryan,Morton,ryan.morton57@gmall.com,16/08/1994,male,Bachelor's degree,IN,incomplete,TRUE,email (t)
661e0aec196f9b2f2be9bc55,20/04/2024 17:05,Salvador,Hoyt,salvador.hoyt44@gmall.com,02/02/1994,male,Master's degree,PH,incomplete,TRUE,email (t)
661e0aec196f9b2f2be9bc58,23/04/2024 06:17,Shelby,Simmons,shelby.simmons36@gmall.com,27/01/1989,male,Bachelor's degree,NG,incomplete,TRUE,email (t)
661e0aec196f9b2f2be9bc5c,22/04/2024 11:34,Jimmy,Burch,jimmy.burch5@microsift.com,07/02/2003,male,Master's degree,CN,incomplete,TRUE,email (t)
661e0aec196f9b2f2be9bc5f,24/04/2024 18:03,Leslie,Ogden,leslie.ogden68@microsift.com,22/07/1994,male,Master's degree,CI,incomplete,TRUE,email (t)
661e0aec196f9b2f2be9bc66,21/04/2024 20:13,Katherine,Conklin,katherine.conklin24@hotmeal.com,12/04/1994,female,Some College (1-3 years),ZW,incomplete,TRUE,email (t)
661e0aec196f9b2f2be9bc68,25/04/2024 10:56,Leslie,Ousley,leslie.ousley52@hotmeal.com,11/02/1987,male,Doctorate (e.g. PhD),NG,incomplete,TRUE,email (t)
661e0aec196f9b2f2be9bc71,19/04/2024 02:00,Ronald,Mooneyhan,ronald.mooneyhan8@microsift.com,01/03/1974,male,Some College (1-3 years),NP,incomplete,TRUE,email (t)
661e0aec196f9b2f2be9bc72,23/04/2024 15:26,Douglas,Vedder,douglas.vedder85@hotmeal.com,02/04/2003,male,High School or Baccalaureate,CM,incomplete,TRUE,email (t)
661e0aec196f9b2f2be9bc73,23/04/2024 23:09,Michael,Frierson,michael.frierson79@hotmeal.com,18/05/1998,male,Bachelor's degree,HK,incomplete,TRUE,email (t)
661e0aec196f9b2f2be9bc75,17/04/2024 18:05,Ernest,Cogar,ernest.cogar28@microsift.com,31/01/1994,male,Bachelor's degree,NG,incomplete,TRUE,email (t)
661e0aec196f9b2f2be9bc76,18/04/2024 17:13,Peggy,Ellis,peggy.ellis31@gmall.com,02/05/1997,female,Bachelor's degree,PK,incomplete,TRUE,email (t)
661e0aec196f9b2f2be9bc79,23/04/2024 15:41,Michael,Conley,michael.conley21@microsift.com,09/03/1996,male,Bachelor's degree,KE,incomplete,TRUE,email (t)
661e0aec196f9b2f2be9bc7d,20/04/2024 08:15,Florence,Bain,florence.bain71@microsift.com,29/10/1994,female,High School or Baccalaureate,NG,incomplete,TRUE,email (t)
661e0aec196f9b2f2be9bc88,17/04/2024 16:32,Clinton,Johnson,clinton.johnson53@hotmeal.com,11/06/2004,male,Bachelor's degree,NG,incomplete,TRUE,email (t)
661e0aec196f9b2f2be9bc8c,18/04/2024 15:36,Jane,Salazar,jane.salazar56@yahow.com,11/11/2000,female,Bachelor's degree,IN,incomplete,TRUE,email (t)
661e0aec196f9b2f2be9bc8e,21/04/2024 09:07,Peter,Hall,peter.hall95@microsift.com,27/11/2002,male,Master's degree,VN,incomplete,TRUE,email (t)
661e0aec196f9b2f2be9bc8f,18/04/2024 04:01,John,Mcleod,john.mcleod74@hotmeal.com,09/01/1966,male,Bachelor's degree,NG,incomplete,TRUE,email (t)
661e0aec196f9b2f2be9bc91,17/04/2024 01:33,Michael,Jowers,michael.jowers1@gmall.com,12/09/1995,male,Bachelor's degree,NG,incomplete,TRUE,email (t)
661e0aec196f9b2f2be9bc93,22/04/2024 16:32,Charles,Zahri,charles.zahri57@gmall.com,30/01/1983,male,Bachelor's degree,DZ,incomplete,TRUE,email (t)
661e0aec196f9b2f2be9bc96,18/04/2024 01:44,Aide,Fischer,aide.fischer15@gmall.com,15/08/2003,female,Bachelor's degree,EG,incomplete,TRUE,email (t)
661e0aec196f9b2f2be9bc9b,19/04/2024 05:02,Donald,Mcnelis,donald.mcnelis90@hotmeal.com,15/08/1994,male,Bachelor's degree,NG,incomplete,TRUE,email (t)
661e0aec196f9b2f2be9bca6,23/04/2024 13:00,George,Johnson,george.johnson26@gmall.com,08/11/2003,male,Bachelor's degree,PK,incomplete,TRUE,email (t)
661e0aec196f9b2f2be9bca8,25/04/2024 17:07,Hugo,Paredes,hugo.paredes64@microsift.com,10/11/2002,male,Bachelor's degree,ID,incomplete,TRUE,email (t)
661e0aec196f9b2f2be9bcaa,22/04/2024 01:32,Michael,Lowe,michael.lowe91@hotmeal.com,08/10/1991,male,High School or Baccalaureate,ET,incomplete,TRUE,email (t)
661e0aec196f9b2f2be9bcab,22/04/2024 07:13,George,Locker,george.locker45@hotmeal.com,20/02/1989,male,Bachelor's degree,GH,incomplete,TRUE,email (t)
661e0aec196f9b2f2be9bcac,21/04/2024 04:59,Charles,Currey,charles.currey11@gmall.com,29/05/1983,male,Bachelor's degree,NG,incomplete,TRUE,email (t)
661e0aec196f9b2f2be9bcad,20/04/2024 12:20,Christopher,Herandez,christopher.herandez15@hotmeal.com,27/06/1998,male,Some College (1-3 years),ID,incomplete,TRUE,email (t)
661e0aec196f9b2f2be9bcaf,23/04/2024 06:05,Leopoldo,Farley,leopoldo.farley16@gmall.com,23/12/1992,male,Some College (1-3 years),NG,incomplete,TRUE,email (t)
661e0aec196f9b2f2be9bcb4,22/04/2024 03:23,Scott,Pabon,scott.pabon65@yahow.com,29/12/1998,male,Bachelor's degree,NG,incomplete,TRUE,email (t)
661e0aec196f9b2f2be9bcb7,17/04/2024 21:17,Diane,Simon,diane.simon50@microsift.com,29/06/1994,female,Doctorate (e.g. PhD),PK,incomplete,TRUE,email (t)
661e0aec196f9b2f2be9bcc3,21/04/2024 22:51,Matthew,Shearin,matthew.shearin87@gmall.com,04/06/1986,male,Some College (1-3 years),AZ,incomplete,TRUE,email (t)
661e0aec196f9b2f2be9bcc6,17/04/2024 07:39,Fred,Sparrow,fred.sparrow36@microsift.com,16/08/1974,male,Bachelor's degree,ZA,incomplete,TRUE,email (t)
661e0aec196f9b2f2be9bcc9,24/04/2024 12:17,Adam,Baker,adam.baker43@gmall.com,14/04/1999,male,Some College (1-3 years),NG,incomplete,TRUE,email (t)
661e0aec196f9b2f2be9bcce,24/04/2024 21:32,Bret,Oliver,bret.oliver38@microsift.com,12/09/2000,male,Bachelor's degree,PH,incomplete,TRUE,email (t)
661e0aec196f9b2f2be9bcd0,24/04/2024 10:32,Herman,Brown,herman.brown79@gmall.com,16/04/2001,male,High School or Baccalaureate,ZA,incomplete,TRUE,email (t)
661e0aec196f9b2f2be9bcd1,26/04/2024 01:02,Matthew,Lail,matthew.lail21@hotmeal.com,14/11/2001,male,Bachelor's degree,PK,incomplete,TRUE,email (t)
661e0aec196f9b2f2be9bcd6,23/04/2024 18:16,Pasquale,Polak,pasquale.polak29@gmall.com,15/12/2000,male,Bachelor's degree,NG,incomplete,TRUE,email (t)
661e0aec196f9b2f2be9bcd7,17/04/2024 01:52,Ramiro,Thompson,ramiro.thompson75@microsift.com,03/04/2003,male,High School or Baccalaureate,NG,incomplete,TRUE,email (t)
661e0aec196f9b2f2be9bcd8,23/04/2024 14:19,Mary,Patterson,mary.patterson84@microsift.com,30/07/2000,female,High School or Baccalaureate,NG,incomplete,TRUE,email (t)
661e0aec196f9b2f2be9bcde,22/04/2024 05:41,Lauren,Mancini,lauren.mancini64@microsift.com,23/09/1983,female,Some College (1-3 years),MY,incomplete,TRUE,email (t)
661e0aec196f9b2f2be9bce1,16/04/2024 07:36,Marie,Goldstein,marie.goldstein94@yahow.com,13/09/2002,female,High School or Baccalaureate,IS,incomplete,TRUE,email (t)
661e0aec196f9b2f2be9bce2,22/04/2024 18:47,Howard,Ramos,howard.ramos72@hotmeal.com,22/01/1997,male,Master's degree,GH,incomplete,TRUE,email (t)
661e0aec196f9b2f2be9bcee,22/04/2024 06:17,Edwardo,Jennings,edwardo.jennings50@hotmeal.com,25/11/2004,male,High School or Baccalaureate,GH,incomplete,TRUE,email (t)
661e0aec196f9b2f2be9bcf1,20/04/2024 09:57,Thomas,Taft,thomas.taft67@yahow.com,25/01/1997,male,Doctorate (e.g. PhD),NG,incomplete,TRUE,email (t)
661e0aec196f9b2f2be9bcf6,24/04/2024 13:11,Daryl,Wyant,daryl.wyant21@gmall.com,17/06/1992,male,Master's degree,PK,incomplete,TRUE,email (t)
661e0aec196f9b2f2be9bcfd,21/04/2024 05:53,Barry,Drabant,barry.drabant94@hotmeal.com,01/09/1994,male,Bachelor's degree,NG,incomplete,TRUE,email (t)
661e0aec196f9b2f2be9bcfe,19/04/2024 04:19,Mike,White,mike.white43@microsift.com,30/12/1997,male,Bachelor's degree,NA,incomplete,TRUE,email (t)
661e0aec196f9b2f2be9bd00,18/04/2024 17:31,Lonnie,Johnson,lonnie.johnson81@microsift.com,26/11/1998,male,Bachelor's degree,TN,incomplete,TRUE,email (t)
661e0aec196f9b2f2be9bd03,20/04/2024 12:08,Lyndon,Boyer,lyndon.boyer49@hotmeal.com,09/12/1999,male,Some College (1-3 years),IN,incomplete,TRUE,email (t)
661e0aec196f9b2f2be9bd07,24/04/2024 03:14,Daniel,Riddle,daniel.riddle90@hotmeal.com,10/11/1984,male,Master's degree,PK,incomplete,TRUE,email (t)
661e0aec196f9b2f2be9bd0a,24/04/2024 03:14,Jerry,Alonzo,jerry.alonzo9@microsift.com,13/06/2004,male,Master's degree,NG,incomplete,TRUE,email (t)
661e0aec196f9b2f2be9bd0b,17/04/2024 06:43,Scott,Tweed,scott.tweed21@microsift.com,14/09/2000,male,Bachelor's degree,ET,incomplete,TRUE,email (t)
661e0aec196f9b2f2be9bd14,21/04/2024 23:51,Donald,Kelly,donald.kelly13@microsift.com,26/10/1951,male,Bachelor's degree,NP,incomplete,TRUE,email (t)
661e0aec196f9b2f2be9bd15,26/04/2024 01:25,Vernon,Gartin,vernon.gartin91@hotmeal.com,11/08/1988,male,High School or Baccalaureate,AF,incomplete,TRUE,email (t)
661e0aec196f9b2f2be9bd17,18/04/2024 21:58,Thomas,Aldrich,thomas.aldrich56@yahow.com,11/07/1991,male,Bachelor's degree,NG,incomplete,TRUE,email (t)
661e0aec196f9b2f2be9bd1f,19/04/2024 18:45,Lashanda,Mandell,lashanda.mandell79@microsift.com,29/09/2004,female,Bachelor's degree,KE,incomplete,TRUE,email (t)
661e0aec196f9b2f2be9bd20,25/04/2024 08:48,Michael,Gutierrez,michael.gutierrez60@hotmeal.com,02/05/1998,male,Bachelor's degree,NG,complete,TRUE,no email (c)
661e0aec196f9b2f2be9bd25,21/04/2024 12:05,Joyce,Keim,joyce.keim59@hotmeal.com,17/03/1999,female,Bachelor's degree,KE,complete,TRUE,no email (c)
661e0aec196f9b2f2be9bd26,21/04/2024 18:48,Michael,Labranche,michael.labranche95@microsift.com,21/07/1997,male,High School or Baccalaureate,RW,complete,TRUE,no email (c)
661e0aec196f9b2f2be9bd27,24/04/2024 21:47,Troy,Adkins,troy.adkins96@microsift.com,28/09/2002,male,High School or Baccalaureate,IN,complete,TRUE,no email (c)
661e0aec196f9b2f2be9bd2b,19/04/2024 18:01,Mark,Martin,mark.martin27@yahow.com,13/07/2000,male,Bachelor's degree,NG,complete,TRUE,no email (c)
661e0aec196f9b2f2be9bd2c,20/04/2024 05:59,Marvin,Piatt,marvin.piatt64@hotmeal.com,16/10/1991,male,Doctorate (e.g. PhD),NP,complete,TRUE,no email (c)
661e0aec196f9b2f2be9bd2d,19/04/2024 21:29,Brian,Byer,brian.byer59@microsift.com,23/12/2002,male,Master's degree,SL,complete,TRUE,no email (c)
661e0aec196f9b2f2be9bd31,23/04/2024 18:28,Caitlin,Miller,caitlin.miller5@microsift.com,17/01/1982,female,High School or Baccalaureate,NG,complete,TRUE,no email (c)
661e0aec196f9b2f2be9bd36,26/04/2024 02:14,Carly,Seller,carly.seller97@hotmeal.com,18/09/1998,female,Bachelor's degree,AX,complete,TRUE,no email (c)
661e0aec196f9b2f2be9bd39,17/04/2024 06:30,Kimberly,Ford,kimberly.ford24@hotmeal.com,24/07/1991,female,High School or Baccalaureate,PG,complete,TRUE,no email (c)
661e0aec196f9b2f2be9bd3f,19/04/2024 20:08,Scott,Kelly,scott.kelly69@gmall.com,26/09/1999,male,Bachelor's degree,VN,complete,TRUE,no email (c)
661e0aec196f9b2f2be9bd40,21/04/2024 21:44,Paula,Winslow,paula.winslow18@microsift.com,22/08/1994,female,Bachelor's degree,PK,incomplete,TRUE,no email (c)
661e0aec196f9b2f2be9bd41,19/04/2024 07:11,Alan,Pelletier,alan.pelletier56@hotmeal.com,25/09/1991,male,Bachelor's degree,BD,incomplete,TRUE,no email (c)
661e0aec196f9b2f2be9bd42,16/04/2024 18:03,Katherine,Rufenacht,katherine.rufenacht91@gmall.com,17/03/1999,female,Bachelor's degree,KE,incomplete,TRUE,no email (c)
661e0aec196f9b2f2be9bd44,25/04/2024 06:01,Douglas,Norton,douglas.norton99@hotmeal.com,01/12/1995,male,Master's degree,CM,incomplete,TRUE,no email (c)
661e0aec196f9b2f2be9bd45,21/04/2024 10:53,Alvin,Clarke,alvin.clarke72@gmall.com,17/07/1989,male,Bachelor's degree,SO,incomplete,TRUE,no email (c)
661e0aec196f9b2f2be9bd4b,20/04/2024 11:20,Joe,Fields,joe.fields69@gmall.com,21/08/1999,male,Bachelor's degree,NG,incomplete,TRUE,no email (c)
661e0aec196f9b2f2be9bd4d,16/04/2024 14:43,Larry,Shedlock,larry.shedlock56@gmall.com,15/12/1998,male,Bachelor's degree,ET,incomplete,TRUE,no email (c)
661e0aec196f9b2f2be9bd4e,22/04/2024 06:51,Eric,Smayda,eric.smayda74@gmall.com,11/02/1988,male,Bachelor's degree,BD,incomplete,TRUE,no email (c)
661e0aec196f9b2f2be9bd51,19/04/2024 19:17,Joyce,Hazard,joyce.hazard10@gmall.com,11/02/1995,female,Bachelor's degree,NG,incomplete,TRUE,no email (c)
661e0aec196f9b2f2be9bd56,20/04/2024 18:32,Alfonso,Peters,alfonso.peters59@gmall.com,09/09/1988,male,Master's degree,US,incomplete,TRUE,no email (c)
661e0aec196f9b2f2be9bd57,17/04/2024 06:49,Manuel,Staley,manuel.staley60@hotmeal.com,16/12/2003,male,Master's degree,IN,incomplete,TRUE,no email (c)
661e0aec196f9b2f2be9bd5f,20/04/2024 10:44,Keith,Tom,keith.tom39@microsift.com,28/08/1999,male,Master's degree,US,incomplete,TRUE,no email (c)
661e0aec196f9b2f2be9bd66,22/04/2024 04:37,Raymond,Chaddock,raymond.chaddock55@hotmeal.com,30/10/1994,male,Bachelor's degree,ZW,incomplete,TRUE,no email (c)
661e0aec196f9b2f2be9bd83,23/04/2024 09:59,David,Houston,david.houston11@hotmeal.com,23/03/1976,male,Master's degree,PK,incomplete,TRUE,no email (c)
661e0aec196f9b2f2be9bd87,24/04/2024 21:10,Robert,Ridley,robert.ridley48@microsift.com,13/11/1988,male,Bachelor's degree,ZW,incomplete,TRUE,no email (c)
661e0aec196f9b2f2be9bd8b,25/04/2024 17:21,Norman,Barela,norman.barela8@gmall.com,01/04/1998,male,High School or Baccalaureate,BD,incomplete,TRUE,no email (c)
661e0aec196f9b2f2be9bd8f,25/04/2024 01:53,Nicholas,Hill,nicholas.hill72@microsift.com,24/09/1987,male,Bachelor's degree,NG,incomplete,TRUE,no email (c)
661e0aec196f9b2f2be9bd91,22/04/2024 20:27,Krissy,Nolan,krissy.nolan33@hotmeal.com,06/04/1989,female,Master's degree,BJ,incomplete,TRUE,no email (c)
661e0aec196f9b2f2be9bda0,22/04/2024 04:32,Darrell,Marshall,darrell.marshall70@hotmeal.com,19/07/1986,male,High School or Baccalaureate,PK,incomplete,TRUE,no email (c)
661e0aec196f9b2f2be9bda3,23/04/2024 05:06,Robert,Best,robert.best37@gmall.com,18/03/1995,male,Bachelor's degree,PK,incomplete,TRUE,no email (c)
661e0aec196f9b2f2be9bda8,21/04/2024 10:41,Maurice,Watkins,maurice.watkins5@yahow.com,06/11/1998,male,Bachelor's degree,UG,incomplete,TRUE,no email (c)
661e0aec196f9b2f2be9bdb5,24/04/2024 05:26,Denise,Carter,denise.carter19@hotmeal.com,14/01/1994,female,Bachelor's degree,PK,incomplete,TRUE,no email (c)
661e0aec196f9b2f2be9bdb9,16/04/2024 08:54,Robert,Still,robert.still5@microsift.com,16/08/1999,male,Bachelor's degree,NG,incomplete,TRUE,no email (c)
661e0aec196f9b2f2be9bdba,19/04/2024 15:19,Belva,Chan,belva.chan34@hotmeal.com,07/09/1985,female,Bachelor's degree,ZA,incomplete,TRUE,no email (c)
661e0aec196f9b2f2be9bdbb,25/04/2024 12:24,Daniel,Stanley,daniel.stanley6@gmall.com,29/03/1993,male,Bachelor's degree,CN,incomplete,TRUE,no email (c)
661e0aec196f9b2f2be9bdbc,17/04/2024 01:01,Brian,Conti,brian.conti4@gmall.com,25/06/1998,male,Bachelor's degree,PK,incomplete,TRUE,no email (c)
661e0aec196f9b2f2be9bdbf,25/04/2024 14:22,Dale,Erwin,dale.erwin89@hotmeal.com,10/05/2005,male,Bachelor's degree,GH,incomplete,TRUE,no email (c)
661e0aec196f9b2f2be9bdc5,16/04/2024 17:33,King,Richter,king.richter83@hotmeal.com,23/11/1996,male,Master's degree,PK,incomplete,TRUE,no email (c)
661e0aec196f9b2f2be9bdc7,21/04/2024 06:24,Ben,West,ben.west57@microsift.com,19/09/1989,male,Bachelor's degree,BD,incomplete,TRUE,no email (c)
661e0aec196f9b2f2be9bdc9,17/04/2024 21:38,Margaret,Johnson,margaret.johnson95@gmall.com,28/10/1976,female,Bachelor's degree,TZ,incomplete,TRUE,no email (c)
661e0aec196f9b2f2be9bdca,17/04/2024 13:42,Willie,Mikowski,willie.mikowski41@yahow.com,25/12/1989,male,Bachelor's degree,ZM,incomplete,TRUE,no email (c)
661e0aec196f9b2f2be9bdd1,23/04/2024 12:42,Thomas,Davila,thomas.davila1@hotmeal.com,26/10/1998,male,Master's degree,ET,incomplete,TRUE,no email (c)
661e0aec196f9b2f2be9bdd2,23/04/2024 04:50,Ernestine,Reaves,ernestine.reaves20@microsift.com,07/08/1994,female,Some College (1-3 years),NG,incomplete,TRUE,no email (c)
661e0aec196f9b2f2be9bdd6,22/04/2024 05:19,Marie,Lamp,marie.lamp84@yahow.com,17/02/1987,female,Bachelor's degree,GH,incomplete,TRUE,no email (c)
661e0aec196f9b2f2be9bdda,22/04/2024 11:32,Mark,Matzke,mark.matzke14@yahow.com,01/10/2005,male,Bachelor's degree,JM,incomplete,TRUE,no email (c)
661e0aec196f9b2f2be9bdde,16/04/2024 10:28,Christopher,Chavez,christopher.chavez98@microsift.com,20/08/1995,male,Bachelor's degree,NG,incomplete,TRUE,no email (c)
661e0aec196f9b2f2be9bde0,18/04/2024 03:39,Keisha,Cooper,keisha.cooper37@hotmeal.com,08/06/1984,female,Bachelor's degree,SO,incomplete,TRUE,no email (c)
661e0aec196f9b2f2be9bde3,21/04/2024 15:58,Sung,Kelly,sung.kelly53@hotmeal.com,05/10/1978,female,High School or Baccalaureate,BD,incomplete,TRUE,no email (c)
661e0aec196f9b2f2be9bde8,23/04/2024 07:30,Albert,Dossantos,albert.dossantos49@yahow.com,26/03/1998,male,Some College (1-3 years),NP,incomplete,TRUE,no email (c)
661e0aec196f9b2f2be9bdf5,20/04/2024 03:24,Minh,Waters,minh.waters9@gmall.com,12/05/1996,male,Bachelor's degree,SS,incomplete,TRUE,no email (c)
661e0aec196f9b2f2be9bdf6,20/04/2024 09:18,Vicki,Weed,vicki.weed52@microsift.com,28/12/2003,female,High School or Baccalaureate,TZ,incomplete,TRUE,no email (c)
661e0aec196f9b2f2be9bdf8,24/04/2024 22:47,Brent,Alonzo,brent.alonzo96@hotmeal.com,15/06/1996,male,High School or Baccalaureate,ZW,incomplete,TRUE,no email (c)
661e0aec196f9b2f2be9be02,25/04/2024 09:28,Christopher,Amie,christopher.amie22@yahow.com,14/03/1974,male,Bachelor's degree,IN,incomplete,TRUE,no email (c)
661e0aec196f9b2f2be9be0c,21/04/2024 02:00,Brian,Levin,brian.levin84@yahow.com,27/01/2001,male,Bachelor's degree,NG,incomplete,TRUE,no email (c)
661e0aec196f9b2f2be9be0f,25/04/2024 20:22,Dorothy,Lucero,dorothy.lucero90@microsift.com,27/06/2002,female,Bachelor's degree,NG,incomplete,TRUE,no email (c)
661e0aec196f9b2f2be9be12,17/04/2024 10:45,Elmo,Harris,elmo.harris99@microsift.com,14/09/1983,male,Bachelor's degree,NG,incomplete,TRUE,no email (c)
661e0aec196f9b2f2be9be14,19/04/2024 10:03,Adolfo,Brooks,adolfo.brooks78@hotmeal.com,09/06/2004,male,Master's degree,HT,incomplete,TRUE,no email (c)
661e0aec196f9b2f2be9be18,18/04/2024 16:28,Merle,Nejaime,merle.nejaime49@gmall.com,03/11/1998,male,Bachelor's degree,SO,incomplete,TRUE,no email (c)
661e0aec196f9b2f2be9be19,16/04/2024 09:57,Sheila,Sticker,sheila.sticker58@gmall.com,09/08/1993,female,High School or Baccalaureate,GH,incomplete,TRUE,no email (c)
661e0aec196f9b2f2be9be26,19/04/2024 14:44,Dustin,Rawdon,dustin.rawdon68@yahow.com,06/09/1977,male,Master's degree,PK,incomplete,TRUE,no email (c)
661e0aec196f9b2f2be9be2b,20/04/2024 05:13,David,Forrest,david.forrest32@hotmeal.com,25/03/2002,male,Some College (1-3 years),PK,incomplete,TRUE,no email (c)
661e0aec196f9b2f2be9be33,23/04/2024 12:24,Robert,Lairmore,robert.lairmore99@hotmeal.com,28/06/1990,male,Bachelor's degree,BY,incomplete,TRUE,no email (c)
661e0aec196f9b2f2be9be3b,19/04/2024 18:16,John,Averill,john.averill92@gmall.com,10/12/2003,male,High School or Baccalaureate,GH,incomplete,TRUE,no email (c)
661e0aec196f9b2f2be9be3f,25/04/2024 08:09,Evelyne,Chisley,evelyne.chisley73@gmall.com,21/10/1987,female,Master's degree,PK,incomplete,TRUE,no email (c)
661e0aec196f9b2f2be9be43,17/04/2024 23:39,Matthew,Davis,matthew.davis96@yahow.com,06/01/2004,male,Some College (1-3 years),NG,incomplete,TRUE,no email (c)
661e0aec196f9b2f2be9be44,25/04/2024 14:52,Kenny,Slater,kenny.slater61@microsift.com,22/09/1994,male,Master's degree,MY,incomplete,TRUE,no email (c)
661e0aec196f9b2f2be9be46,23/04/2024 03:55,James,Harris,james.harris54@microsift.com,06/02/1996,male,Some College (1-3 years),VN,incomplete,TRUE,no email (c)
661e0aec196f9b2f2be9be4a,24/04/2024 15:46,Nathan,Roche,nathan.roche9@gmall.com,22/12/1993,male,Bachelor's degree,BD,incomplete,TRUE,no email (c)
661e0aec196f9b2f2be9be50,23/04/2024 04:53,Robert,Maddux,robert.maddux85@hotmeal.com,16/07/1988,male,High School or Baccalaureate,NG,incomplete,TRUE,no email (c)
661e0aec196f9b2f2be9be52,19/04/2024 03:25,Geraldine,Austin,geraldine.austin29@yahow.com,09/09/1995,female,Bachelor's degree,IN,incomplete,TRUE,no email (c)
661e0aec196f9b2f2be9be56,17/04/2024 05:20,Andrew,Lawrence,andrew.lawrence47@gmall.com,03/04/1999,male,Bachelor's degree,NG,incomplete,TRUE,no email (c)
661e0aec196f9b2f2be9be58,22/04/2024 13:39,George,Shipps,george.shipps76@hotmeal.com,10/11/1996,male,Master's degree,PK,incomplete,TRUE,no email (c)
661e0aec196f9b2f2be9be5a,21/04/2024 21:23,Brian,Melin,brian.melin78@gmall.com,20/07/1989,male,Bachelor's degree,NG,incomplete,TRUE,no email (c)
661e0aec196f9b2f2be9be5c,18/04/2024 13:04,Edward,Gibeau,edward.gibeau48@gmall.com,18/06/1989,male,Bachelor's degree,NG,incomplete,TRUE,no email (c)
661e0aec196f9b2f2be9be5d,23/04/2024 20:43,George,Ramirez,george.ramirez59@microsift.com,06/06/2005,male,Master's degree,NG,incomplete,TRUE,no email (c)
661e0aec196f9b2f2be9be5e,23/04/2024 10:31,Tyrone,Bies,tyrone.bies35@microsift.com,04/01/1994,male,Doctorate (e.g. PhD),US,incomplete,TRUE,no email (c)
661e0aec196f9b2f2be9be5f,23/04/2024 15:44,Richard,Robinson,richard.robinson33@yahow.com,04/08/1989,male,Bachelor's degree,SL,incomplete,TRUE,no email (c)
661e0aec196f9b2f2be9be62,23/04/2024 18:04,Wilma,Gaither,wilma.gaither20@gmall.com,04/05/1981,female,Bachelor's degree,PH,incomplete,TRUE,no email (c)
661e0aec196f9b2f2be9be67,20/04/2024 04:51,Eric,Martin,eric.martin60@microsift.com,13/07/1999,male,Bachelor's degree,PK,incomplete,TRUE,no email (c)
661e0aec196f9b2f2be9be70,23/04/2024 17:33,Cheryl,Jarnigan,cheryl.jarnigan18@microsift.com,18/05/1986,female,Bachelor's degree,ZW,incomplete,TRUE,no email (c)
661e0aec196f9b2f2be9be74,18/04/2024 13:28,Darrel,Lopez,darrel.lopez17@yahow.com,01/06/1997,male,Bachelor's degree,RW,incomplete,TRUE,no email (c)
661e0aec196f9b2f2be9be83,21/04/2024 18:08,Kenneth,Nielsen,kenneth.nielsen17@gmall.com,13/07/1998,male,Master's degree,PK,incomplete,TRUE,no email (c)
661e0aec196f9b2f2be9be8a,21/04/2024 19:00,Todd,Doe,todd.doe16@gmall.com,15/11/1994,male,High School or Baccalaureate,TR,incomplete,TRUE,no email (c)
661e0aec196f9b2f2be9be8b,21/04/2024 18:14,Everett,Yon,everett.yon27@gmall.com,25/12/1996,male,Bachelor's degree,KE,incomplete,TRUE,no email (c)
661e0aec196f9b2f2be9be8c,17/04/2024 17:05,Frederick,Williams,frederick.williams63@yahow.com,02/10/2000,male,High School or Baccalaureate,ET,incomplete,TRUE,no email (c)
661e0aec196f9b2f2be9be8f,18/04/2024 15:46,Jermaine,Simon,jermaine.simon99@gmall.com,07/02/2005,male,High School or Baccalaureate,MA,incomplete,TRUE,no email (c)
661e0aec196f9b2f2be9be91,26/04/2024 03:54,Zana,Steik,zana.steik77@hotmeal.com,29/01/2005,female,Bachelor's degree,CD,incomplete,TRUE,no email (c)
661e0aec196f9b2f2be9be95,20/04/2024 08:47,Gary,Verne,gary.verne27@microsift.com,22/12/1979,male,Bachelor's degree,AF,incomplete,TRUE,no email (c)
661e0aec196f9b2f2be9be96,18/04/2024 12:06,Joyce,Taylor,joyce.taylor35@gmall.com,23/03/2002,female,Bachelor's degree,NG,incomplete,TRUE,no email (c)
661e0aec196f9b2f2be9be99,16/04/2024 17:31,Paul,Yurko,paul.yurko68@yahow.com,18/03/1999,male,Bachelor's degree,KE,incomplete,TRUE,no email (c)
661e0aec196f9b2f2be9be9e,20/04/2024 07:29,Thomas,Cormier,thomas.cormier7@microsift.com,30/01/1990,male,Bachelor's degree,KE,incomplete,TRUE,no email (c)
661e0aec196f9b2f2be9bea3,24/04/2024 20:05,Joseph,Strother,joseph.strother30@hotmeal.com,12/08/1983,male,Bachelor's degree,PK,incomplete,TRUE,no email (c)
661e0aec196f9b2f2be9beaa,23/04/2024 04:12,Kenneth,Garza,kenneth.garza85@microsift.com,14/10/1989,male,Bachelor's degree,NG,incomplete,TRUE,no email (c)
661e0aec196f9b2f2be9beb5,21/04/2024 20:00,Dennis,Moore,dennis.moore39@microsift.com,22/08/1993,male,High School or Baccalaureate,IN,incomplete,TRUE,no email (c)
661e0aec196f9b2f2be9beb7,21/04/2024 20:14,Joseph,Turley,joseph.turley16@microsift.com,03/11/1972,male,Some College (1-3 years),MA,incomplete,TRUE,no email (c)
661e0aec196f9b2f2be9bebb,21/04/2024 04:49,Thomas,Sauer,thomas.sauer77@hotmeal.com,06/05/1997,male,Bachelor's degree,PK,incomplete,TRUE,no email (c)
661e0aec196f9b2f2be9bec7,16/04/2024 13:57,Timothy,Romero,timothy.romero38@yahow.com,31/07/1975,male,Master's degree,NG,incomplete,TRUE,no email (c)
661e0aec196f9b2f2be9bec9,17/04/2024 17:05,Gary,Oberle,gary.oberle86@hotmeal.com,26/05/1992,male,Bachelor's degree,IN,incomplete,TRUE,no email (c)
661e0aec196f9b2f2be9beca,26/04/2024 01:40,Roger,Mcdonald,roger.mcdonald59@hotmeal.com,17/01/2004,male,Master's degree,PK,incomplete,TRUE,no email (c)
661e0aec196f9b2f2be9bece,20/04/2024 05:46,Natividad,Bowser,natividad.bowser13@hotmeal.com,29/05/1998,female,Bachelor's degree,ZM,incomplete,TRUE,no email (c)
661e0aec196f9b2f2be9bed1,25/04/2024 16:35,Tony,Starkey,tony.starkey13@hotmeal.com,02/03/1999,male,Bachelor's degree,NG,incomplete,TRUE,no email (c)
661e0aec196f9b2f2be9bed2,22/04/2024 21:04,Todd,Goupil,todd.goupil18@hotmeal.com,26/01/1987,male,Bachelor's degree,NG,incomplete,TRUE,no email (c)
661e0aec196f9b2f2be9bedb,23/04/2024 17:43,William,Jones,william.jones10@gmall.com,13/02/2002,male,Some College (1-3 years),PK,incomplete,TRUE,no email (c)
661e0aec196f9b2f2be9bedd,20/04/2024 03:05,Raymond,Stanley,raymond.stanley54@gmall.com,14/09/2001,male,Bachelor's degree,BD,incomplete,TRUE,no email (c)
661e0aec196f9b2f2be9beed,19/04/2024 22:19,Arthur,Bartley,arthur.bartley22@gmall.com,12/01/1994,male,Bachelor's degree,PK,incomplete,TRUE,no email (c)
661e0aec196f9b2f2be9bef0,23/04/2024 17:44,Delbert,Mons,delbert.mons50@gmall.com,16/05/2001,male,High School or Baccalaureate,NG,incomplete,TRUE,no email (c)
661e0aec196f9b2f2be9bef7,25/04/2024 06:44,Tommy,Fontana,tommy.fontana57@microsift.com,28/05/2002,male,High School or Baccalaureate,MW,incomplete,TRUE,no email (c)
661e0aec196f9b2f2be9bef9,18/04/2024 19:56,Paul,Johnson,paul.johnson93@gmall.com,16/02/1990,male,Some College (1-3 years),PH,incomplete,TRUE,no email (c)
661e0aec196f9b2f2be9befb,21/04/2024 18:01,Alejandro,Gray,alejandro.gray96@hotmeal.com,08/08/1997,male,Bachelor's degree,IN,incomplete,TRUE,no email (c)
661e0aec196f9b2f2be9befd,23/04/2024 09:31,Donald,Brown,donald.brown5@hotmeal.com,13/03/2004,male,Bachelor's degree,UG,incomplete,TRUE,no email (c)
661e0aec196f9b2f2be9befe,17/04/2024 20:57,Richard,Cohen,richard.cohen21@yahow.com,10/02/2000,male,Some College (1-3 years),MW,incomplete,TRUE,no email (c)
661e0aec196f9b2f2be9bf06,18/04/2024 15:12,Nikki,Young,nikki.young70@gmall.com,25/07/1996,female,Master's degree,NG,incomplete,TRUE,no email (c)
661e0aec196f9b2f2be9bf09,25/04/2024 01:24,Thomas,Gammon,thomas.gammon23@yahow.com,18/07/2003,male,Some College (1-3 years),IN,incomplete,TRUE,no email (c)
661e0aec196f9b2f2be9bf13,25/04/2024 07:00,Paris,Evans,paris.evans14@hotmeal.com,11/02/1983,male,Bachelor's degree,EG,incomplete,TRUE,no email (c)
661e0aec196f9b2f2be9bf16,23/04/2024 03:37,Gail,Cook,gail.cook66@hotmeal.com,09/08/1984,female,Master's degree,TZ,incomplete,TRUE,no email (c)
661e0aec196f9b2f2be9bf17,18/04/2024 00:01,Robert,Langston,robert.langston97@hotmeal.com,19/08/1998,male,Bachelor's degree,PK,incomplete,TRUE,no email (c)
661e0aec196f9b2f2be9bf22,20/04/2024 04:43,Mary,Dunbar,mary.dunbar79@microsift.com,15/06/2001,female,Bachelor's degree,PK,incomplete,TRUE,no email (c)
661e0aec196f9b2f2be9bf24,18/04/2024 02:08,Rodney,Williams,rodney.williams86@yahow.com,22/02/2002,male,Master's degree,ZM,incomplete,TRUE,no email (c)
661e0aec196f9b2f2be9bf2b,18/04/2024 05:08,Howard,Thomas,howard.thomas61@microsift.com,13/01/1997,male,Master's degree,BD,incomplete,TRUE,no email (c)
661e0aec196f9b2f2be9bf35,17/04/2024 19:26,James,Frye,james.frye53@yahow.com,02/09/1999,male,Bachelor's degree,PE,incomplete,TRUE,no email (c)
661e0aec196f9b2f2be9bf3a,24/04/2024 14:15,Wilbur,Hodges,wilbur.hodges20@microsift.com,07/12/1976,male,High School or Baccalaureate,UG,incomplete,TRUE,no email (c)
661e0aec196f9b2f2be9bf3c,26/04/2024 01:09,John,Kotterna,john.kotterna75@gmall.com,29/10/1989,male,High School or Baccalaureate,AX,incomplete,TRUE,no email (c)
661e0aec196f9b2f2be9bf3d,22/04/2024 22:15,Max,Weathers,max.weathers40@hotmeal.com,03/08/2001,male,Bachelor's degree,NG,incomplete,TRUE,no email (c)
661e0aec196f9b2f2be9bf40,16/04/2024 23:35,Bill,Flachs,bill.flachs43@gmall.com,26/02/1995,male,High School or Baccalaureate,NG,incomplete,TRUE,no email (c)
661e0aec196f9b2f2be9bf45,16/04/2024 13:19,Travis,Boyd,travis.boyd25@hotmeal.com,24/07/2002,male,Bachelor's degree,KE,incomplete,TRUE,no email (c)
661e0aec196f9b2f2be9bf49,17/04/2024 19:03,Stephen,Melendez,stephen.melendez55@yahow.com,06/01/2000,male,Master's degree,PK,incomplete,TRUE,no email (c)
661e0aec196f9b2f2be9bf53,18/04/2024 21:32,Robert,Woods,robert.woods87@microsift.com,30/06/1975,male,Bachelor's degree,ZA,incomplete,TRUE,no email (c)
661e0aec196f9b2f2be9bf62,18/04/2024 13:51,Ted,Wagner,ted.wagner40@hotmeal.com,08/01/1994,male,High School or Baccalaureate,NG,incomplete,TRUE,no email (c)
661e0aec196f9b2f2be9bf63,18/04/2024 11:23,Ida,Wiater,ida.wiater67@hotmeal.com,04/06/2005,female,Some College (1-3 years),NG,incomplete,TRUE,no email (c)
661e0aec196f9b2f2be9bf66,19/04/2024 20:48,Keith,Longway,keith.longway21@microsift.com,04/10/1992,male,Bachelor's degree,NG,incomplete,TRUE,no email (c)
661e0aec196f9b2f2be9bf68,21/04/2024 14:46,Curtis,Eschen,curtis.eschen71@gmall.com,30/01/2005,male,Bachelor's degree,NG,incomplete,TRUE,no email (c)
661e0aec196f9b2f2be9bf71,16/04/2024 07:40,Johnny,Vannatta,johnny.vannatta69@gmall.com,09/09/1986,male,Some College (1-3 years),RW,incomplete,TRUE,no email (c)
661e0aec196f9b2f2be9bf73,19/04/2024 03:13,Bruno,Hodges,bruno.hodges84@yahow.com,11/06/1999,male,Bachelor's degree,TZ,incomplete,TRUE,no email (c)
661e0aec196f9b2f2be9bf75,17/04/2024 16:24,Freddie,Thomas,freddie.thomas70@gmall.com,09/08/1988,male,Bachelor's degree,NG,incomplete,TRUE,no email (c)
661e0aec196f9b2f2be9bf76,19/04/2024 11:01,Paul,Hodges,paul.hodges6@gmall.com,12/02/1984,male,Bachelor's degree,BD,incomplete,TRUE,no email (c)
661e0aec196f9b2f2be9bf77,16/04/2024 17:16,Michael,Nova,michael.nova45@microsift.com,08/07/1995,male,Bachelor's degree,BI,incomplete,TRUE,no email (c)
661e0aec196f9b2f2be9bf78,24/04/2024 11:38,Kevin,Dudley,kevin.dudley43@yahow.com,06/10/2003,male,Master's degree,UG,incomplete,TRUE,no email (c)
661e0aec196f9b2f2be9bf7b,21/04/2024 12:36,Helen,Carlson,helen.carlson12@yahow.com,22/07/1995,female,Bachelor's degree,PH,incomplete,TRUE,no email (c)
661e0aec196f9b2f2be9bf7c,21/04/2024 20:41,Edward,Sampson,edward.sampson92@gmall.com,04/06/1996,male,Bachelor's degree,TZ,incomplete,TRUE,no email (c)
661e0aec196f9b2f2be9bf80,21/04/2024 08:16,John,Randolph,john.randolph62@microsift.com,14/09/1984,male,Master's degree,NG,incomplete,TRUE,no email (c)
661e0aec196f9b2f2be9bf81,23/04/2024 18:57,Elizabeth,Ayotte,elizabeth.ayotte86@gmall.com,12/01/1998,female,Bachelor's degree,NG,incomplete,TRUE,no email (c)
661e0aec196f9b2f2be9bf82,21/04/2024 09:16,Philip,Morris,philip.morris2@hotmeal.com,08/03/1989,male,Some College (1-3 years),UG,incomplete,TRUE,no email (c)
661e0aec196f9b2f2be9bf86,25/04/2024 03:26,Thomas,Hedgepeth,thomas.hedgepeth75@yahow.com,21/07/2001,male,Bachelor's degree,ES,incomplete,TRUE,no email (c)
661e0aec196f9b2f2be9bf88,21/04/2024 01:14,Harry,Macias,harry.macias12@microsift.com,10/07/1998,male,Bachelor's degree,NP,incomplete,TRUE,no email (c)
661e0aec196f9b2f2be9bf89,24/04/2024 20:12,Diane,Lamontagne,diane.lamontagne75@yahow.com,24/09/1999,female,Some College (1-3 years),NG,incomplete,TRUE,no email (c)
661e0aec196f9b2f2be9bf8a,19/04/2024 00:44,Elizabeth,Matteucci,elizabeth.matteucci40@microsift.com,06/11/2000,female,High School or Baccalaureate,NG,incomplete,TRUE,no email (c)
661e0aec196f9b2f2be9bf8f,19/04/2024 05:41,Richard,Volante,richard.volante99@microsift.com,27/07/1999,male,Master's degree,PH,incomplete,TRUE,no email (c)
661e0aec196f9b2f2be9bf90,16/04/2024 06:21,Garry,Culver,garry.culver23@gmall.com,04/12/2002,male,Bachelor's degree,PK,incomplete,TRUE,no email (c)
661e0aec196f9b2f2be9bf91,24/04/2024 22:31,Gene,Murelli,gene.murelli39@hotmeal.com,05/07/1996,male,Master's degree,PK,incomplete,TRUE,no email (c)
661e0aec196f9b2f2be9bf97,21/04/2024 03:47,Charles,Whitworth,charles.whitworth50@microsift.com,20/10/1996,male,Some College (1-3 years),UG,incomplete,TRUE,no email (c)
661e0aec196f9b2f2be9bf99,17/04/2024 23:09,Mae,Burch,mae.burch36@microsift.com,07/10/1996,female,Bachelor's degree,NG,incomplete,TRUE,no email (c)
661e0aec196f9b2f2be9bf9d,22/04/2024 08:49,Steven,Mckinney,steven.mckinney9@yahow.com,21/08/1997,male,Bachelor's degree,IN,incomplete,TRUE,no email (c)
661e0aec196f9b2f2be9bfa0,18/04/2024 17:00,David,Blackman,david.blackman88@yahow.com,10/10/1992,male,Master's degree,NG,incomplete,TRUE,no email (c)
661e0aec196f9b2f2be9bfa2,22/04/2024 22:07,Lane,Manuel,lane.manuel68@yahow.com,14/05/1997,male,Bachelor's degree,IQ,incomplete,TRUE,no email (c)
661e0aec196f9b2f2be9bfa3,19/04/2024 16:35,Frank,Fink,frank.fink53@yahow.com,16/04/2005,male,Some College (1-3 years),ZA,incomplete,TRUE,no email (c)
661e0aec196f9b2f2be9bfa9,18/04/2024 10:07,Brett,Brown,brett.brown74@microsift.com,13/09/1992,male,Bachelor's degree,NG,incomplete,TRUE,no email (c)
661e0aec196f9b2f2be9bfac,19/04/2024 15:42,Joseph,Blevins,joseph.blevins40@gmall.com,31/12/2000,male,Master's degree,NG,incomplete,TRUE,no email (c)
661e0aec196f9b2f2be9bfad,25/04/2024 00:57,Blanche,King,blanche.king48@microsift.com,27/09/1995,female,Bachelor's degree,PK,incomplete,TRUE,no email (c)
661e0aec196f9b2f2be9bfb0,26/04/2024 03:44,Melvin,Basbas,melvin.basbas84@yahow.com,18/05/1991,male,Master's degree,IN,incomplete,TRUE,no email (c)
661e0aec196f9b2f2be9bfb1,20/04/2024 04:29,Steven,Shaw,steven.shaw20@yahow.com,19/07/1998,male,Bachelor's degree,SA,incomplete,TRUE,no email (c)
661e0aec196f9b2f2be9bfb8,24/04/2024 20:28,John,Perry,john.perry2@hotmeal.com,11/11/1993,male,Bachelor's degree,NG,incomplete,TRUE,no email (c)
661e0aec196f9b2f2be9bfbd,22/04/2024 13:22,James,Crespin,james.crespin1@hotmeal.com,07/09/1996,male,Some College (1-3 years),LR,incomplete,TRUE,no email (c)
661e0aec196f9b2f2be9bfca,18/04/2024 09:14,Victoria,Jones,victoria.jones77@gmall.com,18/09/2001,female,High School or Baccalaureate,SO,incomplete,TRUE,no email (c)
661e0aec196f9b2f2be9bfcd,19/04/2024 14:02,William,Beato,william.beato3@gmall.com,17/03/1980,male,Master's degree,KE,incomplete,TRUE,no email (c)
661e0aec196f9b2f2be9bfd2,23/04/2024 03:59,Betty,Chavez,betty.chavez76@gmall.com,09/05/1996,female,Master's degree,PK,incomplete,TRUE,no email (c)
661e0aec196f9b2f2be9bfda,21/04/2024 06:41,James,Darnell,james.darnell10@microsift.com,25/11/1987,male,High School or Baccalaureate,MX,incomplete,TRUE,no email (c)
661e0aec196f9b2f2be9bfe0,20/04/2024 11:00,Diego,Fisher,diego.fisher99@hotmeal.com,22/09/1990,male,Bachelor's degree,ZW,incomplete,TRUE,no email (c)
661e0aec196f9b2f2be9bfe2,18/04/2024 23:23,Tristan,Thompson,tristan.thompson74@yahow.com,08/02/1999,male,Some College (1-3 years),GB,incomplete,TRUE,no email (c)
661e0aec196f9b2f2be9bfe4,24/04/2024 23:00,Sal,Bell,sal.bell73@yahow.com,27/08/2004,male,Doctorate (e.g. PhD),ET,incomplete,TRUE,no email (c)
661e0aec196f9b2f2be9bfe6,18/04/2024 23:27,Peter,Harmon,peter.harmon40@hotmeal.com,13/02/1980,male,High School or Baccalaureate,BW,incomplete,TRUE,no email (c)
661e0aec196f9b2f2be9bfe7,25/04/2024 11:11,Shannon,Martinez,shannon.martinez52@gmall.com,27/12/1984,female,Master's degree,ET,incomplete,TRUE,no email (c)
661e0aec196f9b2f2be9bfe8,24/04/2024 08:43,Yvonne,Lennon,yvonne.lennon94@yahow.com,31/08/1996,female,High School or Baccalaureate,ET,incomplete,TRUE,no email (c)
661e0aec196f9b2f2be9bfec,23/04/2024 18:39,Tracey,Wortham,tracey.wortham33@microsift.com,31/08/1993,female,Master's degree,UG,incomplete,TRUE,no email (c)
661e0aec196f9b2f2be9bfed,25/04/2024 13:47,Rita,Ross,rita.ross61@gmall.com,30/07/1995,female,Master's degree,ZA,incomplete,TRUE,no email (c)
661e0aec196f9b2f2be9bff0,21/04/2024 01:13,Desiree,Sayre,desiree.sayre47@gmall.com,04/12/1992,female,Bachelor's degree,IN,incomplete,TRUE,no email (c)
661e0aec196f9b2f2be9bff7,24/04/2024 03:33,Denny,Vroom,denny.vroom70@yahow.com,05/04/1990,male,Bachelor's degree,NG,incomplete,TRUE,no email (c)
661e0aec196f9b2f2be9bff8,23/04/2024 05:00,Liz,Young,liz.young52@yahow.com,25/02/1998,female,Bachelor's degree,TR,incomplete,TRUE,no email (c)
661e0aec196f9b2f2be9bffc,20/04/2024 03:30,James,Horn,james.horn11@hotmeal.com,10/07/2003,male,Master's degree,TZ,incomplete,TRUE,no email (c)
661e0aec196f9b2f2be9c003,25/04/2024 19:10,Richard,Riley,richard.riley99@gmall.com,15/11/1975,male,High School or Baccalaureate,BD,incomplete,TRUE,no email (c)
661e0aec196f9b2f2be9c006,20/04/2024 10:14,Michael,Lott,michael.lott50@microsift.com,04/11/1976,male,Some College (1-3 years),NG,incomplete,TRUE,no email (c)
661e0aec196f9b2f2be9c00b,23/04/2024 11:13,James,Douglas,james.douglas83@yahow.com,04/03/1999,male,Bachelor's degree,NG,incomplete,TRUE,no email (c)
661e0aec196f9b2f2be9c011,24/04/2024 13:31,Rolando,Nguyen,rolando.nguyen20@hotmeal.com,30/11/1999,male,High School or Baccalaureate,BD,incomplete,TRUE,no email (c)
661e0aec196f9b2f2be9c012,16/04/2024 10:44,Karen,Hunter,karen.hunter38@yahow.com,11/04/1997,female,Bachelor's degree,IN,incomplete,TRUE,no email (c)
661e0aec196f9b2f2be9c013,18/04/2024 12:18,Dolores,Crippen,dolores.crippen57@hotmeal.com,22/10/2002,female,Bachelor's degree,TG,incomplete,TRUE,no email (c)
661e0aec196f9b2f2be9c014,24/04/2024 18:29,Ada,Harmon,ada.harmon38@microsift.com,18/07/1982,female,Master's degree,IQ,incomplete,TRUE,no email (c)
661e0aec196f9b2f2be9c016,25/04/2024 03:40,Robert,Carlozzi,robert.carlozzi20@hotmeal.com,28/09/1980,male,Bachelor's degree,PK,incomplete,TRUE,no email (c)
661e0aec196f9b2f2be9c017,20/04/2024 07:12,Bruce,Ramirez,bruce.ramirez51@hotmeal.com,09/03/1984,male,Bachelor's degree,KE,incomplete,TRUE,no email (c)
661e0aec196f9b2f2be9c01d,25/04/2024 08:17,Maurice,Hall,maurice.hall51@hotmeal.com,22/06/2000,male,High School or Baccalaureate,NG,incomplete,TRUE,no email (c)
661e0aec196f9b2f2be9c023,24/04/2024 00:53,Daryl,Mckeever,daryl.mckeever52@hotmeal.com,24/12/1997,male,Some College (1-3 years),KE,incomplete,TRUE,no email (c)
661e0aec196f9b2f2be9c027,18/04/2024 15:02,John,Guerin,john.guerin91@hotmeal.com,14/09/1992,other,Bachelor's degree,CD,incomplete,TRUE,no email (c)
661e0aec196f9b2f2be9c028,26/04/2024 05:15,Larry,Hill,larry.hill47@hotmeal.com,27/12/1983,male,Some College (1-3 years),EG,incomplete,TRUE,no email (c)
661e0aec196f9b2f2be9c029,19/04/2024 22:32,Clyde,Pichette,clyde.pichette95@hotmeal.com,31/03/1998,male,Some College (1-3 years),RW,incomplete,TRUE,no email (c)
661e0aec196f9b2f2be9c02b,17/04/2024 04:57,Linda,Jeanes,linda.jeanes76@hotmeal.com,29/08/1982,female,Some College (1-3 years),ZW,incomplete,TRUE,no email (c)
661e0aec196f9b2f2be9c02e,25/04/2024 15:16,Kenneth,Williams,kenneth.williams44@hotmeal.com,22/11/1988,male,High School or Baccalaureate,PK,incomplete,TRUE,no email (c)
661e0aec196f9b2f2be9c02f,18/04/2024 12:43,John,James,john.james66@hotmeal.com,28/09/1997,male,Some College (1-3 years),LY,incomplete,TRUE,no email (c)
661e0aec196f9b2f2be9c033,17/04/2024 17:43,Annette,Tran,annette.tran37@microsift.com,22/02/1994,female,High School or Baccalaureate,PK,incomplete,TRUE,no email (c)
661e0aec196f9b2f2be9c034,25/04/2024 10:31,Eugene,Cartagena,eugene.cartagena52@gmall.com,01/03/2000,male,Bachelor's degree,SL,incomplete,TRUE,no email (c)
661e0aec196f9b2f2be9c03a,18/04/2024 17:15,Arturo,Taylor,arturo.taylor47@gmall.com,31/12/2004,male,Bachelor's degree,MW,incomplete,TRUE,no email (c)
661e0aec196f9b2f2be9c03b,25/04/2024 09:13,Janice,Simpson,janice.simpson99@yahow.com,27/03/2000,female,Master's degree,NG,incomplete,TRUE,no email (c)
661e0aec196f9b2f2be9c03d,16/04/2024 15:26,Jose,Smith,jose.smith19@gmall.com,22/10/2000,male,Master's degree,IN,incomplete,TRUE,no email (c)
661e0aec196f9b2f2be9c043,26/04/2024 01:21,Lester,Duquette,lester.duquette66@yahow.com,18/09/2001,male,Some College (1-3 years),NG,incomplete,TRUE,no email (c)
661e0aec196f9b2f2be9c04e,25/04/2024 14:27,Robert,Cooper,robert.cooper38@microsift.com,17/11/1987,male,Bachelor's degree,AL,incomplete,TRUE,no email (c)
661e0aec196f9b2f2be9c050,22/04/2024 06:11,Catherine,Bryant,catherine.bryant14@hotmeal.com,26/03/2001,female,Bachelor's degree,NG,incomplete,TRUE,no email (c)
661e0aec196f9b2f2be9c05a,17/04/2024 15:02,Marjorie,Holthaus,marjorie.holthaus61@yahow.com,08/05/1991,female,Some College (1-3 years),AF,incomplete,TRUE,no email (c)
661e0aec196f9b2f2be9c05b,16/04/2024 18:26,Phillip,Taylor,phillip.taylor82@hotmeal.com,04/04/2000,male,Some College (1-3 years),DZ,incomplete,TRUE,no email (c)
661e0aec196f9b2f2be9c05c,18/04/2024 02:02,Chelsea,Bodin,chelsea.bodin89@hotmeal.com,17/08/1995,female,Bachelor's degree,ZA,incomplete,TRUE,no email (c)
661e0aec196f9b2f2be9c062,23/04/2024 02:08,James,Lester,james.lester1@gmall.com,27/07/1994,male,Bachelor's degree,PK,incomplete,TRUE,no email (c)
